,x,y,label
0,-0.8734810055590017,-5.441910355721157,2
1,0.8634998650282243,-3.7405367918958765,2
2,8.515675734508928,0.3484495698572368,1
3,9.335637342485256,0.5731974070920841,1
4,6.73386334712904,0.025923865526864653,3
5,7.501616904551995,-1.172551719137567,3
6,-5.59698665165457,1.0477714989387839,0
7,8.687253305778391,-0.5117979391602454,3
8,-3.5180853276755357,-5.767043851239519,4
9,9.222862636001622,-0.45725498434901735,3
10,9.404083711984072,1.4141098662016045,1
11,-2.722418031242205,-4.356946543681203,4
12,1.0670365808407682,-7.758662527341185,2
13,6.945008384452092,0.7625961159417879,3
14,-6.909748601291659,5.107390398691662,0
15,1.0942877584380029,-4.730131245473672,2
16,0.33995714426267076,-4.255511417827875,2
17,-4.664592569946059,-5.276295100088406,4
18,1.3088763532335617,-5.248347596404824,2
19,8.385964793632406,2.4949918509448756,1
20,6.712693496413723,2.2554710610098296,3
21,10.35403748940029,-0.8318382503654369,1
22,4.682034977465356,-5.822645039675297,2
23,1.6892028124005771,-7.108973026714062,2
24,10.17439051783747,0.11555759195950055,1
25,5.191097141617691,1.8608614881309427,3
26,-2.503182489285168,-3.415410366969109,4
27,-2.571432099572776,-4.428614802698185,4
28,7.023551979296086,1.619356134050616,3
29,10.28862382304945,0.5031966238171769,1
30,5.524912111904763,-0.6835245932439838,3
31,-2.8675080993198376,-3.2051494620968772,4
32,10.515027080626044,-0.3489350633058824,1
33,-8.86103787544734,2.6657648429419813,0
34,9.844268250888646,-0.9429709249545466,1
35,7.496932659783444,-0.40872808706360575,3
36,11.156509441186378,-0.843475917360068,1
37,-7.950779845154374,2.4611219356089187,0
38,8.685338064889256,1.8406833435447456,1
39,2.060745080180208,-5.640907416008375,2
40,10.612836055356935,2.145349166620516,1
41,-9.043941192411362,3.4711283243614393,0
42,-9.9140257132465,2.263282088516868,0
43,7.254985320425808,-0.4294493086958323,3
44,-9.175706839829644,3.0059187786297885,0
45,8.860881573114018,-0.09520325541576755,1
46,10.12256248257475,-1.1237665418365692,1
47,-9.794627007489483,0.04065206680735933,0
48,10.564162779884668,-1.0728707915689537,1
49,-6.966413254553571,2.3165482373794344,0
50,-2.9039610886043112,-5.391149447394737,4
51,11.371299068576327,-0.2416700259772267,1
52,-7.9373089083288235,3.226385652094876,0
53,10.41849812002876,0.6150460274231349,1
54,9.500703576126131,0.9699875322158559,1
55,1.5210000595821107,-4.637293749249253,2
56,6.748518320481589,1.8932261534433277,3
57,-5.837175465562158,2.2372990777368282,0
58,2.043256795025113,-6.201823084708416,2
59,-3.909607883729729,-5.844442880356161,4
60,-3.790812011063073,-4.550157508226698,4
61,8.979015825640097,-1.7326601005649584,1
62,-3.9651320203325424,-2.2801553650095525,4
63,9.841950924582086,-0.7614536994751852,1
64,6.131418201718548,1.5507752356014561,3
65,-3.798867012544747,-3.916293163235496,4
66,7.2476778327031335,0.053971143184464186,3
67,10.236233220799372,-0.20198573919991986,1
68,9.98803943160809,-0.5995568146105075,1
69,1.7785624876247494,-5.309050318733851,2
70,-6.721156962700643,2.280953917917907,0
71,-7.518623098859713,3.1365501692190008,0
72,-2.8470760022071433,-5.399927744734685,4
73,-7.282701834856201,1.7841772311821682,0
74,-5.105011849640322,-5.984676610136381,4
75,9.092833200625154,0.1309836925810434,3
76,1.6241345696880751,-3.716662189316692,2
77,8.935848396601841,0.6311628954027982,3
78,2.3781517538477783,-3.190878336459741,2
79,-0.7844788194826977,-4.64434522447604,2
80,3.464326686131943,-5.3900157077023305,2
81,-8.022672748566219,0.7658247167736392,0
82,-9.680872322843447,2.9530868188961086,0
83,-9.959708829152317,2.9766404303378593,0
84,10.739587559591534,-1.1525147878467128,1
85,-8.694306610259964,2.6164079617990983,0
86,7.953380172190537,-0.4825083755853806,3
87,8.412596141761888,0.15722020728332065,3
88,3.7409374156493613,-5.655671904861357,2
89,9.546698732050235,-1.543035537640334,1
90,-4.744333747313865,-4.094212220183897,4
91,-3.306800338760993,-3.5107448707816316,4
92,2.125584703918343,-5.852664669868746,2
93,-7.657454171215339,2.3501911950026892,0
94,1.3179651162124892,-5.3672673858390185,2
95,11.576496179476015,1.1428137217990475,1
96,-9.2948650851914,3.201361519313044,0
97,-3.8817162974961774,-4.666896345419102,4
98,-4.902783407571189,-4.253842072569597,4
99,9.599192036308501,-1.3810182953735455,1
100,-3.548669669561566,-3.8184814454193807,4
101,9.934362891243344,1.1070975007407835,1
102,-7.718477864115777,2.5570947210145913,0
103,9.051481549255389,1.4833930363584693,3
104,6.572970734268343,0.5885167022359583,3
105,9.616340541442428,1.4844657512864903,1
106,0.9852265753476125,-4.771322366179229,2
107,-0.11958447513556303,-6.016356738848609,2
108,-7.358071271114788,3.2842660460625464,0
109,6.29817639472339,3.483543837532198,3
110,-4.142489931673408,-3.9433669392075004,4
111,-4.692490046943674,-2.9423945923412456,4
112,3.6779123541964003,-4.6284423766509235,2
113,-5.151177493847183,-6.31476133609789,4
114,0.4529613247660931,-5.661364606470497,2
115,9.594613768632748,-1.0882808578920262,1
116,6.87400112578226,0.954754980433364,3
117,9.955758549009609,0.05633603134549,1
118,10.362921380355933,-0.10375658072923136,1
119,2.1752628955205253,-5.859610678815799,2
120,10.786284909176082,-0.040954204081927056,1
121,-2.8078077520699245,-4.748681910599011,4
122,-2.8544756103990374,-6.628302141641759,4
123,-6.557256814752469,-5.551142782742464,4
124,7.87753263548381,-0.6825469786969539,3
125,5.775763305589685,0.943018270115399,3
126,0.48879740903306645,-6.7328417783741195,2
127,2.2150181749877813,-6.099292255663441,2
128,10.014096965913366,-0.860009253201371,1
129,1.6182199558964943,-5.554509829475705,2
130,9.904585889362053,0.6362559875112298,1
131,8.634644282605109,-0.15611051019367295,3
132,2.9484997616560253,-3.976424032524206,2
133,2.1578013318103246,-6.8317002633719035,2
134,-4.229710232477829,-3.309226002730079,4
135,1.9490832511327236,-5.119141489281786,2
136,-8.589228180124447,1.9431132187229805,0
137,8.375023243090915,1.2146564568873524,1
138,2.682763196045358,-6.16446634832428,2
139,-9.402263957646612,2.0162392191425296,0
140,-9.425053700771619,3.3826706353531097,0
141,3.489448373249828,-6.402321128513709,2
142,10.812441040908414,-0.03971520156609108,1
143,7.613440173556666,-0.22459168522898554,3
144,9.288579038475536,0.17508533743113974,1
145,10.662795962760015,-0.8467313981851396,1
146,1.9211498408438632,-5.463917770648924,2
147,9.614365997807294,1.9320887052968378,1
148,-3.191538856775242,-4.047783600776149,4
149,9.186073052322216,-1.3148638793954706,1
150,6.840298493878907,1.6863146502030557,3
151,8.340601164951789,0.6460926305621334,3
152,10.042537615766852,0.8098467747466596,1
153,-8.431088871410257,1.128481225439356,0
154,-3.4527906262796164,-4.427270088175396,4
155,8.485113702224435,1.0282320914433316,1
156,9.331886169424063,0.45630144348588175,1
157,2.3249304312226187,-6.910511343240706,2
158,10.18366431938045,0.7204459743230066,1
159,8.976418117288702,1.2229558479629967,1
160,2.623402066958799,-5.117099646148203,2
161,-9.600055169076594,4.321417784529188,0
162,-8.987221410525498,3.88171704456854,0
163,9.093584339214168,0.16953247235804747,3
164,2.6350480739854287,-6.115560403947002,2
165,-5.030037842250195,-3.1402154558434936,4
166,-3.3620135309257395,-4.421235120725447,4
167,11.240778013022858,-1.679560234788805,1
168,-10.318281977498708,2.3142912511667824,0
169,-8.983651421980376,2.965887782725236,0
170,10.983096806960413,1.8925660716507875,1
171,7.110887640827576,-1.2865399546588694,3
172,0.9968810163904471,-6.529417587765867,2
173,10.380554627763875,0.1937836133646199,1
174,1.1206125848986042,-5.680576573447802,2
175,-7.312578167949243,4.224778210455156,0
176,8.426558159179521,1.5515009909978998,3
177,-1.7309666210115116,-4.0639830388841265,4
178,11.063595129734017,-1.3309229658546071,1
179,8.060698128002638,-0.19845530494096103,1
180,-11.883965242262175,2.1845779333199262,0
181,9.457410302101993,-0.38470898861634817,1
182,-3.85355956812079,-5.473327564221626,4
183,2.4699989776914095,-6.488969909919963,2
184,0.5388576773009297,-6.431933628501533,2
185,-3.120656903661658,-6.146984579485535,4
186,8.550250160504092,-0.5326034425340002,3
187,0.8819930602279286,-6.934788663519203,2
188,6.849090980531562,-1.2991475025557098,3
189,6.7624345671945205,1.2386248797496904,3
190,12.136020054544163,-1.0229945662383175,1
191,-7.810390575402575,1.9193827824579568,0
192,10.56909661657148,0.2854822511751949,1
193,8.920185658045384,0.605897940253452,3
194,-8.395630679844684,1.8937885328887698,0
195,2.3485461714625004,-5.088543066681062,2
196,-3.390808624230957,-3.998635806747957,4
197,1.8822102911020062,-6.700964149885522,2
198,9.524033458910587,-0.7708022385538684,1
199,-3.768820719219695,-3.3159853333584532,4
200,-7.605582729751915,0.9329402821230921,0
201,7.908764389134628,0.42579923348089255,1
202,-0.7867399733525446,-6.433918400653559,2
203,1.7008160132432233,-6.354526862740817,2
204,5.625335692300374,-1.0791251246393847,3
205,-4.685644665507734,-5.514084518062848,4
206,1.1180823063578726,-7.113270870788602,2
207,2.06398346826877,-4.260170750277085,2
208,1.862695974164097,-5.753622692397197,2
209,9.134185104950637,-0.5856940504798792,1
210,1.299978192057406,-3.6585491572759476,2
211,6.55261229220315,-0.3642515827948143,3
212,10.681097905998604,0.3790292035579743,1
213,0.6859283111428944,-6.323043297738168,2
214,6.901957221024815,-1.3428747150640468,3
215,-2.562312151951232,-5.799557943701073,4
216,2.513729855080709,-5.4436903778759005,2
217,11.237544648691987,-0.1934671868723314,1
218,-6.507209823866657,2.3553666807349862,0
219,10.662398711771255,-0.7003670325264492,1
220,2.4072310267100656,-6.7341587356316355,2
221,10.660798364826013,0.412148936230278,1
222,10.236313811644262,0.9730220055826824,1
223,-7.982684142502014,3.7719532163516236,0
224,-2.9894078426031614,-6.169979083441048,4
225,0.5579095511872152,-5.2370670764161344,2
226,7.806715739581488,0.3485509118553951,3
227,-7.642282474728591,3.61487440671511,0
228,2.103838514341744,-5.114312851200148,2
229,9.396021445186955,-0.9764806327026974,1
230,-10.634559674239092,0.7877631690291054,0
231,8.732777729242173,0.37574845029288373,3
232,8.644521191973995,0.31447067394359496,3
233,8.562257053528887,-0.3076321224851317,1
234,-3.283739340469949,-3.4097678403772216,4
235,1.4221196674642766,-7.438747176780624,2
236,6.817828712708808,1.1337707948761269,3
237,2.152244527112414,-5.0133510662089735,2
238,3.995117457323282,-6.149803744397304,2
239,-11.071868314139515,1.7995175305909483,0
240,9.279512925947126,0.07218988843821493,1
241,-7.644783221762843,3.43755885715008,0
242,7.836214559429051,1.0076116936503716,3
243,-9.451197424873664,3.2510794708301045,0
244,-7.4187312906396174,1.974589870641776,0
245,1.828648722234582,-5.025192859950188,2
246,-4.342662041420954,-6.99284196756546,4
247,0.6903827160868472,-6.808323517473601,2
248,-7.88806120190316,1.7171016347487198,0
249,7.392939009583023,-0.5703811099269865,3
250,7.06178771024617,-1.5797606654973155,3
251,8.72812795590862,-0.5817256416973965,1
252,-8.606229259720076,2.9384500474419823,0
253,12.64667812159406,-0.6425487704408216,1
254,-4.047950207401575,-4.9877218944664685,4
255,8.500965075089837,-0.744932472537801,1
256,-3.041055343306801,-5.517606486563236,4
257,-9.214595798984314,1.9264473659914565,0
258,-6.260300091207519,2.0845330900287142,0
259,-9.322325452513336,1.5612414936172192,0
260,9.360014912223441,1.0324428223915154,3
261,-8.987603106696358,2.530700459863146,0
262,-4.416852821341051,-4.484801613807113,4
263,7.010839386799748,1.5002776424794269,3
264,-2.276705739769014,-3.47014378482199,4
265,3.335747594421136,-4.266491335635267,2
266,7.526420839042351,0.05721262322885537,3
267,0.6375957458342147,-4.922589449510977,2
268,10.164143678350827,1.084998336836166,1
269,7.274177538758661,-0.234800139550375,3
270,-2.8041656938947,-4.242309832703772,4
271,9.502630097289089,-1.9991923196037917,1
272,2.2595846099580874,-7.028600958728628,2
273,-7.259761858617827,4.017922043529271,0
274,5.528714276143646,1.4337522500557742,3
275,8.36423203833843,-0.3264800309945191,3
276,-8.099919406204222,2.2748233959491637,0
277,3.802792512650402,-5.7298964856865355,2
278,8.998200306438855,-1.7340486500520809,1
279,-2.7147078365668618,-3.9414292989424564,4
280,-4.155124110926947,-4.691111663298177,4
281,5.739597116983729,-0.8064408123773112,3
282,8.695983613836058,-0.025760033701093032,3
283,6.500603056778412,-2.3087610326697887,3
284,8.53906724200646,1.7951534046028488,3
285,9.60221119763885,-1.1584783995031973,1
286,-8.423536885803786,2.3668651405288332,0
287,8.117786705800874,-0.5612019648275767,3
288,-9.654428636895323,3.056998783154747,0
289,9.45233070146823,0.026184762762932072,1
290,8.988974971398603,-0.6057690652404167,1
291,-8.19062627365773,3.1194765444054124,0
292,-8.526030760942081,0.9769461057100899,0
293,0.3630920339960879,-5.619075524942977,2
294,-3.0119165538681028,-5.746688268303719,4
295,2.8627941660198806,-6.226866316851948,2
296,-0.15682081547155668,-3.0460375720806745,4
297,-3.4516734960639157,-5.085710720171305,4
298,-9.442067521420077,0.9669033483780369,0
299,2.3285404727131755,-5.72863160126701,2
300,-4.855470829920077,-5.167901127144932,4
301,2.504998987476055,-7.182449292874471,2
302,7.458779904472612,-0.326884445464906,3
303,9.205894340008037,-0.7569365373427924,3
304,10.309613850386897,1.5655493396753168,1
305,-7.0217534651593905,1.1296038324816775,0
306,-4.062030326264951,-4.56117275744031,4
307,-2.818447272145545,-3.8182308918600647,4
308,6.6692290891128,-0.08050747775030823,3
309,-4.141244187799254,-6.467659297315753,4
310,7.635265310020942,1.1633533354454662,3
311,-9.614873384873583,4.252968970131193,0
312,1.366403813817937,-5.595204832667101,2
313,-2.3627513432601743,-5.445110102496463,4
314,7.361186010682163,-0.8511413965425875,3
315,6.728760264327556,0.1397520156734563,3
316,11.496940123818774,-1.1704919047149027,1
317,1.0937133648582829,-6.037374101432422,2
318,6.2947157778463545,0.03988849148329146,3
319,2.4198895392609105,-3.6967816936711273,2
320,6.244491099703714,-0.2955016610770765,3
321,-2.33326462313726,-5.577831587166092,4
322,-7.831955657246082,3.3605779547110703,0
323,-3.2791463832431735,-4.4435308788229735,4
324,-3.879765428129276,-4.981259282891693,4
325,8.008066541820629,-0.4071598154226482,1
326,6.119992935852708,1.0689258566608904,3
327,-2.2304152058702718,-5.318987776733018,4
328,-3.1667911675576232,-4.5167401691572575,4
329,-9.492729847200257,3.5555583277293152,0
330,-2.2446602559764512,-3.6919106325884297,4
331,-2.289253428381896,-2.1035193702579793,4
332,9.365381421536977,2.2387989460661877,1
333,-2.7198483264616984,-5.873321247894499,4
334,7.982172529321448,0.671349753551854,3
335,-8.36970191812786,1.400142961728753,0
336,-8.839234829316613,2.768399426843251,0
337,-6.389263328991376,2.624501900467228,0
338,5.564201350283383,-0.2893495236438804,3
339,-3.7540581948801277,-4.214614361992513,4
340,3.408235168522765,-5.833748741773625,2
341,8.300357690812561,0.30744959814445016,3
342,-3.8958099587851023,-4.624855297875879,4
343,7.034792939695936,0.8631843200288138,3
344,8.109034002311446,0.2023668586599247,1
345,-7.796753418832206,1.8895651573384669,0
346,2.629187356844887,-6.519131143523773,2
347,-2.588633709618845,-4.495730745338725,4
348,10.38204865218881,-0.16843701934920507,1
349,-9.56822137136134,1.8312497614146404,0
350,6.42412629347305,-1.2208425448490188,3
351,6.221127220838557,-0.935661511606753,3
352,9.924805694988759,-0.9872714558794278,1
353,1.2087338500903697,-4.891364005872198,2
354,-9.895185387290686,3.0295039493080513,0
355,-3.104552111378078,-6.379933229978814,4
356,-1.5595720239402358,-4.4136402689151035,4
357,7.905215847325425,-0.3928289634479374,3
358,-4.351614356374358,-4.34180590126569,4
359,0.36398140683018276,-5.637285053704599,2
360,7.471126032306881,0.6136290128406993,3
361,-2.8592064749506365,-4.81239666168937,4
362,-9.56793382051642,3.2060441471713976,0
363,10.551353556401507,-2.6565507278824083,1
364,8.679202960917685,0.003980097242945971,3
365,7.974068506770828,0.5545880408741932,3
366,-3.242891208690617,-5.0525795497971835,4
367,-8.805905154546041,3.113159475599749,0
368,-1.8196858272421739,-5.235882227437748,4
369,1.108646796413435,-5.822944394829043,2
370,9.390667490329392,-0.07404087151286415,1
371,-2.8056387713720046,-5.924822936159336,4
372,10.299935492743959,1.1181371789893477,1
373,-9.060064096434584,1.8861844450220522,0
374,-7.363249514540839,2.5618161826626555,0
375,-3.4741682573170203,-5.863622721394167,4
376,6.796915701045089,0.12696997408163052,3
377,-4.288212859218945,-3.7943745538664997,4
378,9.747708270057446,0.5735789201472878,1
379,-9.34257232024279,1.4949447661940658,0
380,-8.859991555577167,3.976646517792501,0
381,-8.21200296339146,1.2961835785598506,0
382,-8.787531454458119,1.329582169334695,0
383,-2.564778691073469,-5.518896850631898,4
384,-7.7697553106437125,3.596063378184767,0
385,8.106230953711437,-0.16800009094849983,3
386,-9.1704515204295,1.0688700258162644,0
387,-9.688517893109834,2.3849355397633225,0
388,-9.207829539333453,1.948786492716756,0
389,1.863267991264475,-4.5255053264239,2
390,7.61150391215534,1.570438246069254,3
391,2.6797508485047192,-5.777859216941486,2
392,-1.8781011786226227,-5.504166818506531,4
393,9.711858972781817,-0.5572457771637729,1
394,-4.168268651846617,-4.824882988931252,4
395,8.560960302875126,0.6652973883826919,1
396,-2.885483529643504,-4.408758917071515,4
397,1.3411520429635455,-5.866432974867317,2
398,7.751017124823189,0.6984175560441157,3
399,7.05650249998294,-1.1797032037594062,3
400,-8.374088458066346,1.9156675310569478,0
401,10.190158694862374,0.030576074408669246,1
402,-10.36789701148361,2.3971822777523815,0
403,7.428842715266051,0.5860022790019976,3
404,-5.082581696683425,-4.716931477242027,4
405,1.8814915839840125,-5.720756861624915,2
406,10.27437789187007,0.38816989455126233,1
407,3.051453052693254,-5.837842492325208,2
408,0.7166621987934083,-6.638786872683315,2
409,-3.154102221126137,-4.497110451721071,4
410,8.225415869668833,0.9494376952204515,3
411,-3.1526556433317436,-5.667114924515464,4
412,-9.986921029882087,1.006572845098105,0
413,-3.1265986429670733,-4.609942125031705,4
414,-5.023609789146327,-3.6739661696948085,4
415,-10.444606385675707,0.04911577097489195,0
416,-9.216022022861148,2.1095725066084685,0
417,2.1513081775568677,-5.175272989708537,2
418,5.626285709767576,0.2335034299098368,3
419,9.111806605548319,0.3178575195399662,1
420,-3.6254682227360586,-6.150307289441841,4
421,1.7405680635822494,-7.364561075071972,2
422,1.2290656397320312,-5.735305118276608,2
423,0.7648437233057602,-5.977499008335696,2
424,-4.183023350789696,-3.5767350950203665,4
425,-9.018461223027597,2.865984663238042,0
426,1.987472793636277,-6.5635123357391105,2
427,-2.809557111439115,-3.0626726904178394,4
428,3.271155484805284,-6.66933334406518,2
429,8.928601233609573,-1.802503865818011,3
430,-8.907066906644566,2.7685849239401974,0
431,10.592061347579346,-0.4576350348010181,1
432,-2.0373045309497284,-5.980137202867613,4
433,1.9050001156787524,-7.479468592425413,2
434,-1.6411428987048131,-4.838283629277819,4
435,5.8924955020863345,-0.3138844640168912,3
436,-7.406365308989901,2.1875131085308603,0
437,-2.0143302114802437,-4.9290458140077655,4
438,8.788848449242261,1.0499851678481837,3
439,9.392430183393289,0.7386062223853647,1
440,7.104946556102352,0.6296991063565024,3
441,11.271761986834775,-0.4574307517606846,1
442,-0.3222246145607297,-6.154071213086569,2
443,9.759444261755558,0.11177429794687607,1
444,-0.3891904698402908,-6.108914396433384,2
445,9.332825599042806,-1.0248936895134562,1
446,-8.825186014076026,2.785647193976677,0
447,-2.793813364364614,-5.751654035371948,4
448,-4.360181738626277,-4.136028109912249,4
449,-2.616967550506586,-4.754890454290706,4
450,-10.439169242343283,2.294601854561467,0
451,11.05440394458561,-2.2160232630735486,1
452,8.615382660576204,0.16643806926564306,1
453,1.6232184635836175,-6.361058411538128,2
454,-3.0481912527270127,-4.2731978252402065,4
455,3.642114941226146,-5.194029562593183,2
456,7.377447060533608,0.8188661315161702,3
457,9.819838220520655,1.0389937311660549,1
458,6.133833495274158,0.5867295623464082,3
459,7.222344839685829,0.8944527642303991,3
460,8.543928519597126,0.9178526116937719,3
461,1.9530086003887168,-5.192180676130842,2
462,9.423171138626062,-0.40920622732714895,3
463,-3.162150158939682,-5.982127018895115,4
464,10.357339443864356,0.6156159674607525,1
465,6.900377720295697,0.08181730206073881,3
466,2.926404666622767,-7.012115464064853,2
467,7.332737828925259,2.453271389303669,3
468,-2.3959501458467756,-5.270351369753943,4
469,7.89370213290134,0.08024619886137728,3
470,-4.7560354076354034,-4.338629335655244,4
471,8.748185518404783,-0.4880397936939668,1
472,-8.807783374415594,2.4531828346905136,0
473,-7.648449709262682,3.05189492928971,0
474,-2.1358791255992604,-4.653623676355755,4
475,1.4805099948407214,-6.706201527547954,2
476,-9.578842325422332,2.996879933097823,0
477,5.9607212205946905,0.9609373155350578,3
478,2.0679308749940457,-6.581394606575682,2
479,9.0166772677335,-0.23527660099917963,3
480,-9.081267223682284,1.9169913185516814,0
481,-1.7209229713043304,-5.220183018435303,4
482,7.357204358367821,0.6147411566108101,3
483,8.407577827510982,-0.548073360067635,3
484,-2.945716194280193,-4.632426257387331,4
485,-7.9857199657939075,4.460693722105397,0
486,5.213700013353641,1.172836773689962,3
487,-8.327608575167796,0.882092495184521,0
488,6.781569690535489,-1.573971597255395,3
489,-1.7774803635616725,-3.5515392833527115,4
490,-2.3198988244242376,-4.085023582005776,4
491,-7.698735891987744,1.5975785359274541,0
492,-8.135749906666012,3.3318192110963105,0
493,-4.311757385490129,-5.064975536492059,4
494,6.34480438196081,0.19873106052356354,3
495,7.249616415492534,-0.1690217948156127,3
496,2.2454539288140194,-5.297387617832068,2
497,6.374765375610126,-0.4171480889627843,3
498,-10.008432893920109,3.9511879584184832,0
499,-9.319063730390548,2.120611453788805,0
500,0.21485703088009434,-4.78873672095002,2
501,10.851639337000083,-0.48743403809166486,1
502,-3.2396805850834416,-4.58859284897782,4
503,7.228248520040532,0.9216748947464313,3
504,-9.712530931257934,1.3513610751852396,0
505,3.256180861412499,-6.177101699732182,2
506,-3.7627961349340473,-2.6952229965127463,4
507,-9.325442946241463,3.751645031153998,0
508,8.06144987675686,-0.7270905111105866,3
509,-3.1350053983425217,-5.878660898678232,4
510,-9.704725340912143,1.4967401218927832,0
511,8.893168105114222,-0.7434956742958649,1
512,7.372405495218125,1.121577219993543,3
513,1.2586948195051035,-4.893764146882426,2
514,10.986583400802719,0.5536809422556651,1
515,-3.5604390567627844,-5.196550254117781,4
516,-3.597368161826426,-4.948766002211964,4
517,-3.344361407361563,-3.3678851866156583,4
518,1.2645210115665528,-7.118567439047914,2
519,7.222495752942537,0.05736414062737266,3
520,9.878176206749785,1.2109959735850553,1
521,10.073256950749755,-1.995662772737651,1
522,11.014660145550415,-0.6630298258520454,1
523,9.679124014347272,-1.2070038173236481,1
524,7.075800887895336,-0.5897132915967987,3
525,0.34010301796474973,-6.574606687949736,2
526,9.9714103912106,-0.7749883014142799,1
527,-2.6206288478764304,-4.8397955096224585,4
528,-5.073227661443493,-3.631823630395596,4
529,4.97947220835724,1.4833520670567235,3
530,-2.9507986056125963,-4.495547486350619,4
531,-3.6740974504604584,-5.111193319741536,4
532,7.328285801463642,0.9746060844924098,3
533,2.8449864533679072,-7.204282777246999,2
534,0.5128578315384851,-7.045986974314051,2
535,1.9859177641074095,-6.1474260281937765,2
536,2.6728136622308813,-6.108835277730807,2
537,-6.3394522946981,1.5568405613491458,0
538,8.11899289525617,-0.528353881716563,1
539,11.518185886416155,0.4266714278370552,1
540,6.990765171826172,0.034531570487827415,3
541,1.9765926578200836,-4.384182882260269,2
542,0.38351393532568157,-6.1742122281415845,2
543,9.122500762771711,-0.31463478384099275,3
544,-4.018076985346648,-3.537450140862683,4
545,11.315540631999884,0.17890951616520037,1
546,-3.772421549564147,-6.08103390930108,4
547,0.12252704976357442,-4.145142650130709,2
548,-8.176814754755354,2.2954059112982788,0
549,0.8466562123195785,-3.366319246355919,2
550,-3.362040032994459,-5.7214634516519585,4
551,9.676433464266296,-0.011473276252859502,1
552,2.706785260985032,-6.456238424123672,2
553,7.182664468586514,-0.5260997811305015,3
554,-10.159459758654588,2.7350338399686906,0
555,13.057066416694749,-1.088222398439139,1
556,9.151148768973094,-0.37791931736638323,1
557,-7.864970201257179,1.6957325209247225,0
558,6.832497715098982,-0.07986660183963909,3
559,-4.43653725602755,-4.042653315031432,4
560,6.804331666255653,1.1563689963246935,3
561,8.732039237385722,-0.580660280843579,1
562,0.5405446546230224,-5.613075288982368,2
563,-2.951480158740316,-5.5263811558218245,4
564,-7.148897919572851,3.0567212030005457,0
565,11.43577266832445,-0.5625858849014979,1
566,9.995207072599218,-0.04925860673014573,1
567,2.690170677349818,-3.9360991341738862,2
568,7.7999195998647055,-0.5997225919830451,3
569,1.9318826365935942,-5.1984452915043375,2
570,-8.424017756131528,0.5023438483244647,0
571,1.125741847381012,-4.743080414991361,2
572,2.1686342399202814,-5.506640326836127,2
573,-3.032646014387097,-2.9808298194801988,4
574,-8.625302011674396,3.0760095309814424,0
575,8.644782566717764,-0.5831556092853729,3
576,10.835512454338174,3.158815723769063,1
577,-3.9199240722573374,-3.6684545812961638,4
578,-4.320353095429716,-5.7232564887972135,4
579,8.44834602548351,0.32838070281084836,3
580,9.403820691383716,-0.3701812472825993,1
581,10.667827718776854,-0.6946871759365436,1
582,-7.406037596016238,2.258757608065507,0
583,-8.8297508383188,2.999808415873633,0
584,-8.927101889666504,3.207410263861743,0
585,10.172778068044451,-0.1482028675635902,3
586,6.284597554733502,-0.4866497146780532,3
587,-9.265380204641026,4.32478794157608,0
588,-8.461834529771647,3.0663255365280087,0
589,7.415554535555501,-0.5150905873891168,3
590,1.2463017510972518,-6.886221536472181,2
591,1.913180277024142,-6.303186806469867,2
592,-10.522971238047472,3.21104785404634,0
593,6.4994180428734705,0.25060247803581837,3
594,0.03514713324962515,-4.843509651200422,2
595,8.905926805699359,0.7050814356243194,1
596,0.03487822408148045,-8.737138478345928,2
597,9.882208321665782,0.6944796858115423,1
598,2.1561177141670997,-5.934790642880735,2
599,9.671575086259237,0.31685234579554555,1
600,-2.6081131270219857,-4.333582003113501,4
601,1.403833674900128,-5.860332134903245,2
602,-2.5772036232804316,-5.049273193752549,4
603,2.2274114510645653,-4.771968670270122,2
604,-9.876921460030646,2.254285601719228,0
605,0.3410385105435385,-3.399022124162064,2
606,2.148950922777354,-6.325914602260238,2
607,2.615012902448965,-6.88692163351945,2
608,2.746617499710432,-6.510330585901801,2
609,-2.281704549693419,-5.195988593072647,4
610,7.665335877013368,-1.2018105666554637,3
611,-3.7676000600640425,-4.847517663278173,4
612,0.9496213535888941,-8.506867823653403,2
613,-2.0272131019524875,-3.019991663761486,4
614,10.477945913531668,0.4891571785608149,1
615,-3.9218129825626287,-5.499187942199388,4
616,-6.522262656367176,-3.1363287322358167,4
617,-10.118626780418806,1.9433331595823993,0
618,6.432768116595522,-1.13811382871035,3
619,2.5916049242889714,-7.07704782097488,2
620,6.810307193510679,-1.052166792657038,3
621,10.573624131876311,0.6318989722626619,1
622,8.848493315226797,-1.5518193455468634,3
623,1.852215390889764,-7.949576730517382,2
624,3.5273398106203806,-7.1911287075512,2
625,-2.8870641485617026,-4.7422638074342185,4
626,10.513048976899743,0.9654231723174362,1
627,1.675790173843681,-4.49474488744156,2
628,-8.770951449375012,1.6913207037228495,0
629,-5.341541227175398,-3.8506638772170163,4
630,-2.924973082280731,-4.360789995390561,4
631,-7.548654629104683,2.4116353270571302,0
632,7.549311366479682,1.258212505994789,3
633,-7.050571193019234,0.19127376279089559,0
634,-7.551708702100412,3.5078497458838065,0
635,2.1056895612257005,-4.875431971350407,2
636,-2.689633131397481,-5.374986996424101,4
637,10.334531096417766,-0.6880556364197024,1
638,10.609677586817469,0.3795819724816729,1
639,8.090558153568255,2.0304271219560976,3
640,9.46689527583027,0.07496289599677103,1
641,10.149174543277,-0.8451221668707578,1
642,9.04373913084206,-1.7276738031095713,3
643,8.37368843594942,0.7083656696500578,3
644,7.6017034483281005,-0.45958816695980165,3
645,6.58774859626969,0.42972443026327634,3
646,6.540079591556941,-0.65449179719529,3
647,8.112378777077694,3.5356497098172643,3
648,7.664567253728798,0.8119580412547893,1
649,1.9345951952596783,-4.669779573996739,2
650,-8.37393803771538,3.268900888482412,0
651,-7.986132171975462,2.518538083254147,0
652,9.387792023096448,-0.06766044619159334,1
653,-10.401167238389727,0.025432449490174314,0
654,-7.587980922562504,4.679864334818357,0
655,-4.522626902781438,-4.444783876612557,4
656,2.0533228038568154,-4.481747121644493,2
657,1.310489197516054,-5.673837465899691,2
658,3.2948015199339444,-4.852658764635797,2
659,-9.634371947318403,2.0229002404583376,0
660,-2.3736031733515137,-3.919592290313145,4
661,0.5665908754510269,-6.203366170116386,2
662,-2.675145927558479,-4.674334644606658,4
663,9.221313015487743,0.20199812743566944,1
664,7.069622086147336,0.16624069371291517,3
665,10.361387594877364,0.24901475749181215,1
666,-9.279995521890326,2.463391413556095,0
667,12.170548335990878,1.7009936224153026,1
668,-2.518569874849006,-4.128486248772454,4
669,9.590912930044729,-0.25172595646718793,1
670,8.14429520871122,0.1389844447382172,3
671,-3.4464756255978486,-3.8277681047779173,4
672,8.92657933563898,0.681141842713185,1
673,-7.992502717768458,2.5100318283516443,0
674,7.733005778218289,0.12925179672493972,3
675,6.983426361550964,-0.4296942990659667,3
676,-8.781102417608585,1.317414282434042,0
677,-8.36206496098217,1.589560221546193,0
678,-3.998594601978138,-6.142434782044146,4
679,-9.090320054007368,3.8674235054781056,0
680,1.7763555227836185,-4.524801537665963,2
681,-2.5573548482040303,-4.210659214527327,4
682,-8.18109956846856,0.5778602477498385,0
683,-2.8388022768872316,-6.116295355807417,4
684,1.6540104565817615,-6.703905961952204,2
685,11.84298198148756,-0.22382522650929326,1
686,-1.8638929478762383,-4.5468467754242265,4
687,10.424672710129713,0.6642474602709658,1
688,8.58156119894025,0.3591614550490379,3
689,11.923263459516775,1.1330424064635194,1
690,-4.757171486138379,-6.592810663598096,4
691,-5.014140830881081,-5.084734744069405,4
692,-9.941711267649087,2.066322553365033,0
693,-4.590274109949055,-3.56377400137917,4
694,7.314180405089461,-0.07121126609174055,3
695,-0.5681504548489404,-6.959089961682288,2
696,5.819991752735476,-0.35438740447528505,3
697,0.5590709179132949,-6.376647543136042,2
698,-11.547747994502616,1.7763131327733768,0
699,3.5800575179297214,-5.40612035384262,2
700,0.7866742806414859,-5.505670325506622,2
701,0.7503448310405202,-6.128817682173973,2
702,-2.306467732251842,-4.767631782522428,4
703,3.3086562765080925,-5.336480854446034,2
704,8.28269580644124,1.3213642653668036,3
705,-2.6740212607199774,-5.11894996400438,4
706,6.265388593119929,-0.7351898897800181,3
707,-4.273515397888707,-3.8083657671056237,4
708,-8.658310528719383,0.8848314417507344,0
709,-3.33692641437749,-3.693019978093779,4
710,-8.994150345170503,1.6108937464690647,0
711,-2.7705669952802596,-5.156449843688513,4
712,-9.790446308372642,1.2400767437021396,0
713,2.1824821758222863,-5.309329696697198,2
714,0.3977156457671782,-6.885436113316498,2
715,-8.45068062099513,1.3102538831603483,0
716,11.706285625686098,-0.6984271076055157,1
717,-8.783299953199407,2.706709148361584,0
718,8.413602661071982,-1.8480257879398692,1
719,10.989546429011575,0.5490510328712155,3
720,1.511229309212742,-4.6386211641409645,2
721,-5.114486751452361,-5.345844193114059,4
722,-7.8446671290207375,3.407186934242903,0
723,-3.8716580579522772,-4.150746321586282,4
724,9.17305867417771,0.5509283485922568,1
725,-8.65943780949865,2.4333474750603967,0
726,7.592093286654459,-0.2967505647514297,3
727,7.124167651006661,-0.6555153746589601,1
728,7.301379385613474,-1.6594148930245396,3
729,1.8463697908888819,-4.287583811629757,2
730,-8.129596488774265,1.2032055878851151,0
731,10.428456009897905,-0.7521943326788858,1
732,2.4765878908146752,-5.778569425041113,2
733,-9.780730403265256,0.9907186432858401,0
734,-7.48958402801046,1.9987864360028926,0
735,0.9986432699809752,-5.936450937316737,2
736,-3.768195860230234,-4.513161229947724,4
737,1.8755911056308745,-5.867929212734127,2
738,10.365196998628596,-0.8988898676482356,1
739,-2.4140974047884822,-4.1603602401383695,4
740,-8.671168727130134,4.165919468989171,0
741,-3.1492122357632755,-5.762516540323278,4
742,0.6006870216875717,-5.595778281339209,2
743,4.058688413986337,-6.676008120560996,2
744,-9.952535301013565,2.6309030129622055,0
745,8.292045279430793,-2.7815981005773636,3
746,6.985338014228925,-0.07859160324280101,3
747,-3.135026226466811,-4.537020491417372,4
748,1.279334856941405,-5.682160276808342,2
749,10.089694917381154,0.3925143989113008,1
750,3.9981609387413317,-6.139875979458452,2
751,-3.745283675979675,-3.2040334460010946,4
752,7.5699440313585065,1.2259109894662252,3
753,7.766570696223849,0.6022107302210837,3
754,-7.362622428034866,3.3024159776617177,0
755,-8.42546534623254,4.5048760310951845,0
756,-9.173886724268332,2.118418078383334,0
757,9.622889012570987,0.023352572183854614,1
758,9.77166653389574,1.8569670886029086,1
759,10.132248840539463,-0.31379711934233306,1
760,-0.12517987730159885,-4.811462820820618,2
761,-2.1618931292047607,-1.8720007296945367,4
762,-4.994784584060892,-6.816897213781385,4
763,2.237198198946125,-6.449998644936933,2
764,8.951877970869987,1.030675513217196,3
765,9.103591887449475,-0.9758437373142608,1
766,-2.7096631940501874,-5.754051011931683,4
767,-8.653134034617318,1.4449661104532203,0
768,-1.8397818732220919,-6.7144764441676745,4
769,-7.986736556290251,2.3207733151855474,0
770,-3.0989463179670205,-4.604231167140866,4
771,6.361368001693115,0.2993125941508742,3
772,10.62021472452357,1.8261718483832121,1
773,-8.837357877823392,1.4240727102602992,0
774,-9.089546766134804,2.81186763649201,0
775,3.1366681113078982,-4.642760760430321,2
776,-10.101941236780839,0.5607161042100217,0
777,2.403208021045996,-5.42828082447786,2
778,5.7363609581210735,0.4917798849980492,3
779,-9.084721416298073,3.145489148099309,0
780,-3.9308151591247817,-2.7319546438654605,4
781,9.271045706827993,-0.022051956350396223,1
782,9.835389771086865,-0.326923118485325,1
783,-1.764249491566019,-5.09231984127271,4
784,7.242094338409265,-1.4450266614151073,3
785,7.943904234317453,0.17557268321909975,3
786,-3.0252871080728667,-4.636977213474149,4
787,-9.997485533091956,2.7085891072444817,0
788,7.698987554948049,-0.4908854395707726,3
789,-7.399413110038775,2.6003468290035867,0
790,7.11426710731064,0.6741917323520303,3
791,3.8306381482575875,-6.516149815825423,2
792,6.6395822892161895,0.6285559563628567,3
793,-3.2042987717146496,-3.2252649493510486,4
794,-3.3045558945184808,-4.539720641985987,4
795,-3.2154329472990266,-6.403347330577141,4
796,-9.269083682991917,3.747422631554047,0
797,-3.532337677318187,-5.108038360798524,4
798,7.706145497470488,-0.9138147235210843,3
799,8.526365503906346,0.8263242113251341,1
800,-3.2942809600381193,-5.057861090918774,4
801,-9.691370217335727,1.858944003377125,0
802,-2.9689777989266553,-4.587263690559567,4
803,-7.8833703215762565,1.8623393446533334,0
804,7.76017413353112,0.29936640375006135,3
805,2.536644770982038,-5.520558348003535,2
806,6.200435524666336,0.09171191413291654,3
807,8.699375814533859,-0.46511178677539033,1
808,8.36967563952174,-0.3814575308357949,3
809,7.010377671402617,-0.09539991822211771,3
810,10.832210964006785,0.4850084009664431,1
811,-6.394586999463323,3.0500225255729987,0
812,-9.709289286218588,3.9291856450008424,0
813,8.360463324455687,1.550796161982535,3
814,8.580456901487857,-0.3485520421526083,1
815,8.412846905307541,1.8431056324468615,3
816,1.528111866985518,-5.207880761874845,2
817,6.077944356788413,-0.17588937643501618,3
818,-7.809075330721253,1.4935728850613046,0
819,2.2742846608421012,-5.659425429388936,2
820,-8.651325069051753,3.5525055401867465,0
821,-4.776871919414458,-4.871587693755756,4
822,7.46225544372108,1.6675861114381765,3
823,-7.247645629538367,4.722245050472351,0
824,-8.24662330052657,1.822339873348562,0
825,-3.5185221064605434,-3.374856391489364,4
826,0.9746613682419045,-5.577750801129485,2
827,-3.3070593705723477,-4.68686729236146,4
828,-7.185680107258546,1.6230670714141806,0
829,2.821515539238017,-5.49588239974763,2
830,-7.648966888795304,2.193509111500894,0
831,7.719397804115955,1.321506611122539,1
832,9.05131638033771,-2.1614535951551006,1
833,-7.8385544685515125,2.9921116703601007,0
834,-8.664645368066596,3.313899223727753,0
835,6.0688954139910605,0.2816425093959424,3
836,10.903315494342355,-0.5149330383709578,1
837,2.47566601661814,-5.409502575810354,2
838,3.2718144774709628,-6.467998954069151,2
839,-3.3313893197750706,-4.603492804190395,4
840,7.683555221571584,-0.4835859504776092,1
841,-9.56272292192706,3.1423332577441876,0
842,1.259830369639955,-5.717602564468985,2
843,10.050615836421878,-0.1453903765866848,1
844,9.761292141168138,0.4069728163130277,1
845,-9.173111156914288,2.743561096338365,0
846,8.974009603445154,0.8161251405056451,1
847,10.352967126255626,-0.35379343499175075,1
848,10.654595656229201,0.6428165492093978,1
849,1.3659808507321358,-6.448074857894649,2
850,-2.5573869369221045,-5.851621430093264,4
851,3.481080652426942,-4.577422486967367,2
852,8.430651738421489,-0.0014211578416313958,3
853,1.8487468721253753,-5.145036898065647,2
854,-8.956929400065498,3.0891146254223303,0
855,8.605600844614079,-1.2675971196463154,1
856,10.357452382437916,0.4560656819971972,1
857,11.24661891298075,-0.8435081890493882,1
858,3.3227270033197955,-6.4794229560198575,2
859,2.4333092448254003,-6.921957008173926,2
860,2.18249947828664,-5.283998642772955,2
861,-2.880174862038265,-3.5387468069271106,4
862,8.91090174783307,1.166590222286106,3
863,-3.009100945018313,-6.472906957223745,4
864,-4.496187860030346,-4.250780676852883,4
865,8.849620390289095,0.10706930237628164,3
866,7.2150559169368425,-0.7225383953807606,3
867,6.417993515212574,-0.16316651577413338,3
868,10.946951781238285,0.040307158121592135,1
869,-5.141416407416473,-3.812539750291972,4
870,-7.079769726855799,2.142432081562947,0
871,1.307999054354116,-6.542984208301366,2
872,10.127037629815883,1.7270135365820591,1
873,1.9081113928949194,-4.252529022628318,2
874,-7.732011346739686,-0.02760025256935217,0
875,8.935371209653047,1.1122622860527978,1
876,-2.6946421604263255,-5.9783678264020645,4
877,6.821078864445499,1.9940872977457789,3
878,9.588911869483763,1.443719171828168,1
879,-5.732873557015112,1.9489013762623402,0
880,6.791421917096098,-0.2641435140875791,3
881,-2.1247324570946637,-6.022995661050226,4
882,11.008416673139465,-1.1842333414634272,1
883,9.523840782104868,-1.6288339210734277,1
884,6.738365946361974,-1.1154213201572054,3
885,6.914903254067696,-0.4602132145941591,3
886,-7.8238632747194075,3.0273029185423748,0
887,-4.8617351760591525,-3.6675337747435894,4
888,1.4081493769071287,-6.145319712416565,2
889,-2.9875722603900705,-3.471328612978819,4
890,8.89765647304694,0.4669263944611966,1
891,0.2392027104134249,-4.007067110392487,2
892,-8.580969845249118,1.5615893727096115,0
893,-7.46299108486229,2.813732163647494,0
894,6.65864915278204,-1.031984579779919,3
895,-3.7047993565981887,-4.496525687957661,4
896,-0.6032655663814759,-4.938619792490305,2
897,10.383202622473684,-1.1041545668892665,1
898,-5.931100584207902,-3.490338653235874,4
899,-4.8512351836138095,-4.847219841400505,4
900,10.745024077184475,0.33829923784909965,1
901,-9.073649359385948,1.8516707502086798,0
902,0.9045997338655525,-6.627583673581481,2
903,0.7257358509930121,-6.51716710503844,2
904,-9.903247643486914,3.129601814456255,0
905,2.553688476534229,-5.866487398799591,2
906,-3.5321406654456307,-4.937084030726183,4
907,9.505424631908374,-0.46725146492645553,1
908,-3.7844987873626716,-4.211027782844624,4
909,-3.5853417926176583,-4.9323397266869184,4
910,-2.947009753760628,-4.480261640143272,4
911,5.818680516417614,-1.061991120587938,3
912,-0.5395018423952593,-7.3979814410241715,4
913,8.730188544805635,-0.636331100792493,3
914,-3.316146999633215,-6.219300140965492,4
915,9.717790416005315,-0.8929916716213862,1
916,2.216172445748425,-6.3450315095709575,2
917,7.655757168003651,0.5844950844758295,3
918,7.662246411136476,0.911015565012054,3
919,-9.403475043322821,0.19633224971388286,0
920,-8.538499528127938,2.5350699022301755,0
921,9.739404211772095,0.20647700905266694,1
922,9.380041698102973,-0.41673222042416713,1
923,7.365133626403132,-1.6749232908114682,3
924,10.542931107857457,0.6785345844835194,1
925,-11.750407594461658,1.9758353439011884,0
926,-8.301991058583198,2.1345996988977083,0
927,0.7756717962732694,-6.101071357533465,2
928,9.604089600879675,0.5002319224259191,1
929,2.005548960846472,-4.6588553376264725,2
930,2.066797070480459,-3.5072594191979354,2
931,-2.939427529177295,-4.783864592625114,4
932,-9.396207507075651,0.7956938653071595,0
933,5.879263859604607,0.7009398546993342,3
934,9.461158346009025,-0.14800227471683475,3
935,6.971755008040716,0.6936960600569396,3
936,0.053877323831201585,-6.490967152258084,2
937,10.368277362819692,1.1434612870294598,1
938,-8.870677835484107,2.712173719114288,0
939,2.4412275265078587,-5.535058354957052,2
940,8.557265099313874,-0.522853589724438,3
941,-3.5847697777688117,-6.610302540722596,4
942,7.147159996652395,1.8847005043415581,3
943,-3.266120760948967,-3.5293640362405334,4
944,2.3747430170036727,-5.863109939907305,2
945,-4.074124931990919,-5.086634471168954,4
946,7.987148692721726,-1.4929095252103102,3
947,0.41161306536182884,-4.140434753996835,2
948,-9.188279190056221,3.083091891379534,0
949,-7.393292681474739,2.884005920121262,0
950,10.291243103341968,0.4888162660317454,1
951,9.088940591232742,0.319704141714205,3
952,-4.400616708661304,-2.5939955962426073,4
953,1.666604297771115,-6.401899223280641,2
954,-7.5541767473265224,1.3943799704367248,0
955,9.429336918285744,-1.1196035787257756,1
956,9.988504104712636,0.15702089547579856,1
957,9.006133346369941,0.465133620777417,1
958,10.285242912991173,-0.09291181766849266,1
959,-9.027420097832625,1.479734887907392,0
960,7.217459794235561,0.18012466771461058,3
961,-6.519381458497161,1.3518020159350403,0
962,-9.772528177711559,3.1714857994102017,0
963,6.257241152366789,-0.6597825607630428,3
964,-9.245259088018877,2.2584539376540693,0
965,-8.654268757016801,2.950291554623589,0
966,8.340425414461567,-0.058226128137118555,1
967,10.042086185689293,-0.15533148769229302,1
968,8.685159887134763,1.1931345589434137,1
969,1.778453451419041,-5.154425882561002,2
970,-1.559188229469852,-4.470116392086224,4
971,11.984216846415586,-1.51734130387231,1
972,9.981152789074097,-0.484565504386793,1
973,2.67102296047691,-6.413013981704052,2
974,-8.886565578665826,3.671239239083055,0
975,6.957299752851226,-1.5284846488966881,3
976,-9.014089369872103,2.4427602171249223,0
977,8.317043562236291,0.3354644238016683,3
978,0.8800049208259302,-5.712896791789948,2
979,9.798373824654051,-0.7681349859040496,1
980,8.518343894226854,1.5266028918914258,3
981,-7.3798694692157305,3.8024480340747884,0
982,-2.861602938490918,-2.8022865341348706,4
983,-9.821026414398712,2.97257373160139,0
984,1.2011538454270405,-5.386950027369684,2
985,12.323986492001547,0.9362893451682114,1
986,8.804274851749387,0.35253461317701995,3
987,8.434304288476744,0.057946520985143794,1
988,1.486570754603468,-5.7516242163870706,2
989,8.76095913613283,0.009960003985754737,1
990,1.2026508375239402,-5.600415702087013,2
991,7.259583033035007,0.014349326459179162,3
992,-4.40247139490453,-6.172549370326804,4
993,-10.13866913084749,2.2433316750013077,0
994,3.2138058166064614,-6.196045963078403,2
995,8.04656078213681,-1.6108993383383776,1
996,6.805735205382701,-2.8415078420634057,3
997,-10.700569570997132,2.4743445461238927,0
998,-3.1326521147981286,-5.147477168321011,4
999,7.147473099838969,0.4957235943626551,3
